{
    "$schema": "https://schema.management.azure.com/schemas/2019-04-01/deploymentTemplate.json#",
    "contentVersion": "1.0.0.0",
    "parameters": {
        "workflows_GetSunnyElectricalsTweets_logic_app_name": {
            "defaultValue": "GetSunnyElectricalsTweets-logic-app",
            "type": "String"
        },
        "connections_sql_6_externalid": {
            "defaultValue": "/subscriptions/8da407fc-9304-4bc6-88c0-92f8ef9b1c68/resourceGroups/rg_devbox/providers/Microsoft.Web/connections/sql-6",
            "type": "String"
        },
        "connections_twitter_1_externalid": {
            "defaultValue": "/subscriptions/8da407fc-9304-4bc6-88c0-92f8ef9b1c68/resourceGroups/rg_devbox/providers/Microsoft.Web/connections/twitter-1",
            "type": "String"
        }
    },
    "variables": {},
    "resources": [
        {
            "type": "Microsoft.Logic/workflows",
            "apiVersion": "2017-07-01",
            "name": "[parameters('workflows_GetSunnyElectricalsTweets_logic_app_name')]",
            "location": "eastus",
            "properties": {
                "state": "Enabled",
                "definition": {
                    "$schema": "https://schema.management.azure.com/providers/Microsoft.Logic/schemas/2016-06-01/workflowdefinition.json#",
                    "contentVersion": "1.0.0.0",
                    "parameters": {
                        "$connections": {
                            "defaultValue": {},
                            "type": "Object"
                        }
                    },
                    "triggers": {
                        "When_a_new_tweet_is_posted": {
                            "recurrence": {
                                "frequency": "Minute",
                                "interval": 10
                            },
                            "splitOn": "@triggerBody()?['value']",
                            "type": "ApiConnection",
                            "inputs": {
                                "host": {
                                    "connection": {
                                        "name": "@parameters('$connections')['twitter']['connectionId']"
                                    }
                                },
                                "method": "get",
                                "path": "/onnewtweet",
                                "queries": {
                                    "searchQuery": "#SunnyElectricals"
                                }
                            }
                        }
                    },
                    "actions": {
                        "Insert_row_(V2)": {
                            "runAfter": {},
                            "type": "ApiConnection",
                            "inputs": {
                                "body": {
                                    "tweetBy": "@triggerBody()?['TweetedBy']",
                                    "tweetText": "@triggerBody()?['TweetText']"
                                },
                                "host": {
                                    "connection": {
                                        "name": "@parameters('$connections')['sql']['connectionId']"
                                    }
                                },
                                "method": "post",
                                "path": "/v2/datasets/@{encodeURIComponent(encodeURIComponent('default'))},@{encodeURIComponent(encodeURIComponent('default'))}/tables/@{encodeURIComponent(encodeURIComponent('[dbo].[TweeterTble]'))}/items"
                            }
                        }
                    },
                    "outputs": {}
                },
                "parameters": {
                    "$connections": {
                        "value": {
                            "sql": {
                                "connectionId": "[parameters('connections_sql_6_externalid')]",
                                "connectionName": "sql-6",
                                "id": "/subscriptions/8da407fc-9304-4bc6-88c0-92f8ef9b1c68/providers/Microsoft.Web/locations/eastus/managedApis/sql"
                            },
                            "twitter": {
                                "connectionId": "[parameters('connections_twitter_1_externalid')]",
                                "connectionName": "twitter-1",
                                "id": "/subscriptions/8da407fc-9304-4bc6-88c0-92f8ef9b1c68/providers/Microsoft.Web/locations/eastus/managedApis/twitter"
                            }
                        }
                    }
                }
            }
        }
    ]
}